لیست قیمت فروشگاه پوشاک نیلوفر - مهر ۱۴۰۵,,,,,,,
کد کالا,عنوان محصول,گروه کالا,قیمت فروش (ریال),تعداد موجود,سایزبندی,رنگ‌بندی,توضیحات
A1001,پیراهن کتان مدل 1,مردانه,"6,500,000",,۴۰ / ۴۲ / ۴۴ / ۴۶,سفید ، مشکی ، کرمی,
A1002,پیراهن کتان مدل 2,مردانه,"12,000,000",,۴۰ / ۴۲ / ۴۴ / ۴۶,طوسی ، مشکی ، کرمی,
A1003,شلوار جین مدل 1,مردانه,"4,900,000",,۴۰ / ۴۲ / ۴۴ / ۴۶,مشکی ، سفید ، سرمه‌ای,
A1004,شلوار جین مدل 2,مردانه,"3,500,000",,۴۰ / ۴۲ / ۴۴ / ۴۶,مشکی ، سفید ، کرمی,
A1005,کت تک مدل 1,مردانه,"12,000,000",,۴۰ / ۴۲ / ۴۴ / ۴۶,سرمه‌ای ، مشکی ، طوسی,
A1006,کت تک مدل 2,مردانه,"12,000,000",۸,۴۰ / ۴۲ / ۴۴ / ۴۶,مشکی ، سرمه‌ای ، کرمی,
A1007,تی‌شرت نخی مدل 1,مردانه,"12,000,000",,۴۰ / ۴۲ / ۴۴ / ۴۶,طوسی ، سفید ، مشکی,
A1008,تی‌شرت نخی مدل 2,مردانه,"12,000,000",,۴۰ / ۴۲ / ۴۴ / ۴۶,کرمی ، طوسی ، سفید,
A1009,کاپشن مدل 1,مردانه,"18,500,000",,۴۰ / ۴۲ / ۴۴ / ۴۶,مشکی ، سرمه‌ای ، سفید,
A1010,کاپشن مدل 2,مردانه,"3,500,000",۱۲,۴۰ / ۴۲ / ۴۴ / ۴۶,مشکی ، کرمی ، طوسی,
A1011,هودی مدل 1,مردانه,"4,900,000",۸,۴۰ / ۴۲ / ۴۴ / ۴۶,کرمی ، سفید ، سرمه‌ای,
A1012,هودی مدل 2,مردانه,"8,900,000",۱۲,۴۰ / ۴۲ / ۴۴ / ۴۶,سفید ، طوسی ، سرمه‌ای,
A1013,مانتو اسپرت مدل 1,زنانه,"4,900,000",,S / M / L / XL,سرمه‌ای ، مشکی ، طوسی,
A1014,مانتو اسپرت مدل 2,زنانه,"6,500,000",۱۲,S / M / L / XL,سفید ، طوسی ، کرمی,
A1015,شال نخی مدل 1,زنانه,"8,900,000",۳,S / M / L / XL,کرمی ، مشکی ، سفید,
A1016,شال نخی مدل 2,زنانه,"12,000,000",۸,S / M / L / XL,سرمه‌ای ، طوسی ، مشکی,
A1017,روسری ابریشم مدل 1,زنانه,"8,900,000",۸,S / M / L / XL,مشکی ، کرمی ، طوسی,
A1018,روسری ابریشم مدل 2,زنانه,"12,000,000",۳,S / M / L / XL,طوسی ، کرمی ، سفید,
A1019,تونیک مدل 1,زنانه,"8,900,000",۱۲,S / M / L / XL,سفید ، مشکی ، کرمی,
A1020,تونیک مدل 2,زنانه,"6,500,000",۸,S / M / L / XL,مشکی ، کرمی ، طوسی,
A1021,پالتو مدل 1,زنانه,"18,500,000",۳,S / M / L / XL,کرمی ، سفید ، سرمه‌ای,
A1022,پالتو مدل 2,زنانه,"18,500,000",۸,S / M / L / XL,طوسی ، مشکی ، سرمه‌ای,
A1023,شلوار پارچه‌ای مدل 1,زنانه,"6,500,000",,S / M / L / XL,کرمی ، مشکی ، سرمه‌ای,
A1024,شلوار پارچه‌ای مدل 2,زنانه,"3,500,000",,S / M / L / XL,طوسی ، سرمه‌ای ، کرمی,
A1025,سرهمی نوزاد مدل 1,بچگانه,"4,900,000",۸,۱ / ۲ / ۳ / ۴ سال,سفید ، کرمی ، مشکی,
A1026,سرهمی نوزاد مدل 2,بچگانه,"4,900,000",۸,۱ / ۲ / ۳ / ۴ سال,سفید ، طوسی ، مشکی,
A1027,ست دخترانه مدل 1,بچگانه,"8,900,000",۱۲,۱ / ۲ / ۳ / ۴ سال,طوسی ، سفید ، سرمه‌ای,
A1028,ست دخترانه مدل 2,بچگانه,"18,500,000",۸,۱ / ۲ / ۳ / ۴ سال,سرمه‌ای ، کرمی ، مشکی,
A1029,بلوز پسرانه مدل 1,بچگانه,"4,900,000",,۱ / ۲ / ۳ / ۴ سال,سرمه‌ای ، کرمی ، مشکی,
A1030,بلوز پسرانه مدل 2,بچگانه,"8,900,000",۱۲,۱ / ۲ / ۳ / ۴ سال,سرمه‌ای ، طوسی ، کرمی,
A9999,مجموع موجودی,,,,,,
,,,,,,,
